Название,Цена,Ссылка на товар
"Диван Льери Мини Velvet Light
56 990руб.
87 990руб.
-35%
2375руб.
В Cплит
+76","56 990руб.
87 990руб.
-35%",https://www.divan.ru/product/divan-leri-mini-velvet-light
"Диван Нумо Velvet Yellow
35 990руб.
51 190руб.
-29%
1500руб.
В Cплит
+62","35 990руб.
51 190руб.
-29%",https://www.divan.ru/product/divan-numo-velvet-yellow
"Диван Тут Рядом Дом Серо-графитовый
72 990руб.
3042руб.
В Cплит",72 990руб.,https://www.divan.ru/product/divan-tut-ryadom-dom-sero-grafitovyj
"Диван угловой Ройн Мини Velvet Olive
39 990руб.
56 990руб.
-29%
1667руб.
В Cплит
+63","39 990руб.
56 990руб.
-29%",https://www.divan.ru/product/divan-uglovoj-rojn-mini-velvet-olive
"Диван угловой Эби-1 Velvet Coral
69 990руб.
104 990руб.
-33%
2917руб.
В Cплит
+83","69 990руб.
104 990руб.
-33%",https://www.divan.ru/product/divan-uglovoj-ebi-1-velvet-coral
"Диван Бруквиль Velvet Blue
46 990руб.
72 990руб.
-35%
1958руб.
В Cплит
+67","46 990руб.
72 990руб.
-35%",https://www.divan.ru/product/divan-brukvil-velvet-blue
"Диван Тут Рядом Космос Светло-Бежевый
109 990руб.
4583руб.
В Cплит",109 990руб.,https://www.divan.ru/product/divan-tut-ryadom-kosmos-svetlo-bejevyj
"Диван Линс Velvet Navy Blue
29 990руб.
45 990руб.
-34%
1250руб.
В Cплит
+83","29 990руб.
45 990руб.
-34%",https://www.divan.ru/product/divan-lins-velvet-navy-blue
"Диван Нумо Мини Textile Yellow
22 990руб.
38 890руб.
-40%
958руб.
В Cплит","22 990руб.
38 890руб.
-40%",https://www.divan.ru/product/divan-numo-mini-textile-yellow
"Диван Байма Velvet Grey
69 990руб.
93 990руб.
-25%
2917руб.
В Cплит
+76","69 990руб.
93 990руб.
-25%",https://www.divan.ru/product/divan-bajma-velvet-grey
"Кресло Тут Рядом Дом Сине-бежевый
50 990руб.
2125руб.
В Cплит",50 990руб.,https://www.divan.ru/product/kreslo-tut-ryadom-dom-sine-bejevyj
"Диван угловой Беллер Textile Yellow
40 990руб.
58 990руб.
-30%
1708руб.
В Cплит","40 990руб.
58 990руб.
-30%",https://www.divan.ru/product/divan-uglovoj-beller-textile-yellow
"Кресло Бенел Cozy Ivory
31 990руб.
35 990руб.
-11%
1333руб.
В Cплит
+38","31 990руб.
35 990руб.
-11%",https://www.divan.ru/product/kreslo-benel-cozy-ivory
"Диван Нумо Velvet Grafit
35 990руб.
51 190руб.
-29%
1500руб.
В Cплит
+62","35 990руб.
51 190руб.
-29%",https://www.divan.ru/product/divan-numo-velvet-grafit
"Пуф Тут Рядом Дом Серо-графитовый
15 990руб.
667руб.
В Cплит",15 990руб.,https://www.divan.ru/product/puf-tut-ryadom-dom-sero-grafitovyj
"Диван Роттердам Velvet Yellow
23 990руб.
34 490руб.
-30%
1000руб.
В Cплит
+57","23 990руб.
34 490руб.
-30%",https://www.divan.ru/product/divan-rotterdam-velvet-yellow
"Диван Сваут Velvet Grey
64 990руб.
81 990руб.
-20%
2708руб.
В Cплит
+55","64 990руб.
81 990руб.
-20%",https://www.divan.ru/product/divan-svaut-velvet-grey
"Пуф Дадли Velvet Ocean
3290руб.
5490руб.
-40%
138руб.
В Cплит
+13","3290руб.
5490руб.
-40%",https://www.divan.ru/product/puf-dadli-velvet-ocean
"Диван Линс Velvet Grafit
29 990руб.
45 990руб.
-34%
1250руб.
В Cплит
+83","29 990руб.
45 990руб.
-34%",https://www.divan.ru/product/divan-lins-velvet-grafit
"Диван Рейли Velvet Coral
30 990руб.
38 990руб.
-20%
1292руб.
В Cплит
+41","30 990руб.
38 990руб.
-20%",https://www.divan.ru/product/divan-rejli-velvet-coral
"Пуф Тут Рядом Красавчик Светло-бежевый
34 990руб.
1458руб.
В Cплит",34 990руб.,https://www.divan.ru/product/puf-tut-ryadom-krasavchik-svetlo-bejevyj
"Диван Коренс Happy Grey
29 990руб.
32 990руб.
-9%
1250руб.
В Cплит
+50","29 990руб.
32 990руб.
-9%",https://www.divan.ru/product/divan-korens-happy-grey
"Диван угловой Шера Velvet Light
99 990руб.
132 990руб.
-24%
4167руб.
В Cплит
+50","99 990руб.
132 990руб.
-24%",https://www.divan.ru/product/divan-uglovoj-shera-velve-light
"Диван Види Textile Ocean
22 990руб.
38 690руб.
-40%
958руб.
В Cплит
+41","22 990руб.
38 690руб.
-40%",https://www.divan.ru/product/divan-vidi-textile-ocean
"Пуф Тут Рядом Дом Зеленый
15 990руб.
667руб.
В Cплит",15 990руб.,https://www.divan.ru/product/puf-tut-ryadom-dom-zelenyj
"Кресло Гета Soft Silver
29 990руб.
36 990руб.
-18%
1250руб.
В Cплит
+43","29 990руб.
36 990руб.
-18%",https://www.divan.ru/product/kreslo-geta-soft-silver
"Диван угловой Нумо Velvet Yellow
44 990руб.
63 990руб.
-29%
1875руб.
В Cплит
+62","44 990руб.
63 990руб.
-29%",https://www.divan.ru/product/divan-uglovoj-numo-velvet-yellow
"Диван Тут Рядом Дом Сине-бежевый
72 990руб.
3042руб.
В Cплит",72 990руб.,https://www.divan.ru/product/divan-tut-ryadom-dom-sine-bejevyj
"Диван Сваут Velvet Mustard
64 990руб.
81 990руб.
-20%
2708руб.
В Cплит
+55","64 990руб.
81 990руб.
-20%",https://www.divan.ru/product/divan-svaut-velvet-mustard
"Кресло Элвит Cozy Ivory
26 990руб.
32 990руб.
-18%
1125руб.
В Cплит
+7","26 990руб.
32 990руб.
-18%",https://www.divan.ru/product/kreslo-elvit-cozy-ivory
"Модульный диван Сэндж 2 Textile Yellow
58 970руб.
2458руб.
В Cплит",58 970руб.,https://www.divan.ru/product/modulnyj-divan-sendj-2-textile-yellow
"Пуф Лонди Cozy Beige
13 990руб.
15 990руб.
-12%
583руб.
В Cплит
+79","13 990руб.
15 990руб.
-12%",https://www.divan.ru/product/puf-londi-cozy-beige
"Кресло Тут Рядом Дом Розовый
50 990руб.
2125руб.
В Cплит",50 990руб.,https://www.divan.ru/product/kreslo-tut-ryadom-dom-rozovyj
"Диван Нумо Мини Textile Light
22 990руб.
38 890руб.
-40%
958руб.
В Cплит","22 990руб.
38 890руб.
-40%",https://www.divan.ru/product/divan-numo-mini-textile-light
"Диван Рейли Velvet Mint
30 990руб.
38 990руб.
-20%
1292руб.
В Cплит
+41","30 990руб.
38 990руб.
-20%",https://www.divan.ru/product/divan-rejli-velvet-mint
"Диван Риббл-2 Bucle Lilac
65 990руб.
2750руб.
В Cплит
+83",65 990руб.,https://www.divan.ru/product/divan-ribbl-2-bucle-lilac
"Диван угловой Маркфул Velvet Ocean
79 990руб.
123 990руб.
-35%
3333руб.
В Cплит
+55","79 990руб.
123 990руб.
-35%",https://www.divan.ru/product/divan-uglovoj-markful-velvet-ocean
"Кушетка Роби Textile Coral
16 990руб.
21 990руб.
-22%
708руб.
В Cплит
+13","16 990руб.
21 990руб.
-22%",https://www.divan.ru/product/kushetka-robi-textile-coral
"Диван угловой Нумо Velvet Grey
44 990руб.
63 990руб.
-29%
1875руб.
В Cплит
+62","44 990руб.
63 990руб.
-29%",https://www.divan.ru/product/divan-uglovoj-numo-velvet-grey
"Пуф Роттердам Мини Velvet Milk
10 990руб.
458руб.
В Cплит
+57",10 990руб.,https://www.divan.ru/product/puf-rotterdam-mini-velvet-milk
"Пуф Тут Рядом Красавчик Оранжевый
27 990руб.
1167руб.
В Cплит",27 990руб.,https://www.divan.ru/product/puf-tut-ryadom-krasavchik-oranjevyj
"Кушетка Оренте Soft Sky
40 990руб.
57 990руб.
-29%
1708руб.
В Cплит
+79","40 990руб.
57 990руб.
-29%",https://www.divan.ru/product/kushetka-orente-soft-sky
"Пуф Бане Cozy Ginger
8990руб.
10 990руб.
-18%
375руб.
В Cплит","8990руб.
10 990руб.
-18%",https://www.divan.ru/product/puf-bane-cozy-ginger
"Банкетка Аймо Textile Light
7990руб.
8990руб.
-11%
333руб.
В Cплит
+83","7990руб.
8990руб.
-11%",https://www.divan.ru/product/banketka-ajmo-textile-light
"Диван Лонди Mima Pink
84 990руб.
99 990руб.
-15%
3542руб.
В Cплит
+80","84 990руб.
99 990руб.
-15%",https://www.divan.ru/product/divan-londi-mima-pink
"Кресло Элвит Cozy Emerald
26 990руб.
32 990руб.
-18%
1125руб.
В Cплит
+7","26 990руб.
32 990руб.
-18%",https://www.divan.ru/product/kreslo-elvit-cozy-emerald
"Кресло Тут Рядом Космос-2 Графитовый
79 990руб.
3333руб.
В Cплит",79 990руб.,https://www.divan.ru/product/kreslo-tut-ryadom-kosmos-2-grafitovyj
"Пуф Динс Velvet Yellow
6990руб.
7990руб.
-12%
292руб.
В Cплит
+83","6990руб.
7990руб.
-12%",https://www.divan.ru/product/puf-dins-velvet-yellow
